email,password,name,phone,address,detail_address,zonecode,latitude,longitude
6wq4tmx5@naver.com,PRvzt0poU0,박현우,010-2362-4662,인천광역시 서구 청라대로 666,18층 916호,22743,37.5386,126.6626
rhdwurrb@gmail.com,n2zZOyDraO,김재윤,010-3973-3767,인천광역시 서구 청라대로 707,25층 606호,22743,37.5386,126.6626
gn13pgzu@gmail.com,F5i3zKhXNX,정수빈,010-9288-9493,인천광역시 서구 청라대로 303,19층 533호,22743,37.5386,126.6626
3t8mjnfd@gmail.com,IXqSCGW6P3,서지민,010-6151-6891,인천광역시 서구 청라대로 808,7층 111호,22743,37.5386,126.6626
c4yvx9i8@gmail.com,GEUoAot6vx,장준우,010-7780-8477,인천광역시 서구 청라대로 909,24층 821호,22743,37.5386,126.6626
3cwq2kai@hotmail.com,xGfKEMPoY0,이승우,010-3190-7917,인천광역시 서구 청라대로 404,28층 915호,22743,37.5386,126.6626
3p7io0lf@gmail.com,m9RrdWv7ea,신선우,010-5323-2932,인천광역시 서구 청라대로 789,8층 332호,22743,37.5386,126.6626
f3lk406w@naver.com,oT67ujiqrj,정지우,010-6671-7164,인천광역시 서구 청라대로 202,23층 337호,22743,37.5386,126.6626
ad9nbmyv@naver.com,CAjbIOTlUV,전재원,010-8594-9720,인천광역시 서구 청라대로 444,7층 503호,22743,37.5386,126.6626
r9dqvxv6@daum.net,qgykqBtol8,김채원,010-4345-3048,인천광역시 서구 청라대로 999,24층 705호,22743,37.5386,126.6626
07w3lvsl@naver.com,tU1DgrW13j,윤준우,010-5778-6272,인천광역시 서구 청라대로 666,16층 304호,22743,37.5386,126.6626
6y43owb0@naver.com,PB1sYkynPv,송예원,010-6177-8589,인천광역시 서구 청라대로 999,28층 939호,22743,37.5386,126.6626
m70875dn@hotmail.com,Bq2DTz2SNO,정민서,010-4879-7413,인천광역시 서구 청라대로 707,23층 485호,22743,37.5386,126.6626
pf5dgx0w@gmail.com,Lppbmwc7Mh,안시원,010-2411-4433,인천광역시 서구 청라대로 333,27층 247호,22743,37.5386,126.6626
ombmb30c@gmail.com,h5OoOvOWNu,한채원,010-8875-7781,인천광역시 서구 청라대로 505,5층 771호,22743,37.5386,126.6626
e7t8c1ym@hanmail.net,5uNkTbRK6J,박선우,010-0321-8937,인천광역시 서구 청라대로 888,17층 976호,22743,37.5386,126.6626
vwl502sk@hanmail.net,kOlgcBmVIz,오도현,010-7126-5982,인천광역시 서구 청라대로 777,26층 655호,22743,37.5386,126.6626
uhunvqez@hotmail.com,CtT14zqzCg,황지안,010-1689-1767,인천광역시 서구 청라대로 444,29층 927호,22743,37.5386,126.6626
6ndi4od1@gmail.com,FMgH69IBrO,신수아,010-6963-1601,인천광역시 서구 청라대로 666,30층 178호,22743,37.5386,126.6626
dd4u06fb@daum.net,D0C1jT8irm,최유준,010-6994-5494,인천광역시 서구 청라대로 666,4층 247호,22743,37.5386,126.6626
662dd994@hanmail.net,OaW9h40tEW,정서연,010-7573-4561,인천광역시 서구 청라대로 606,25층 817호,22743,37.5386,126.6626
m7842a0j@naver.com,5Sr2dZHCZw,박시훈,010-5586-7134,인천광역시 서구 청라대로 808,22층 648호,22743,37.5386,126.6626
vovpjplu@hotmail.com,SlqpzByaSD,송수아,010-0696-4544,인천광역시 서구 청라대로 333,29층 320호,22743,37.5386,126.6626
w0fq702q@daum.net,b80sFTpMLr,신지민,010-2308-6872,인천광역시 서구 청라대로 101,14층 113호,22743,37.5386,126.6626
a4dkpho5@hotmail.com,8DNuVrs6SZ,김예원,010-0183-7592,인천광역시 서구 청라대로 999,9층 728호,22743,37.5386,126.6626
wtzixjud@naver.com,rdJKmYtBUn,송채은,010-9779-7430,인천광역시 서구 청라대로 456,22층 932호,22743,37.5386,126.6626
y2ovguya@hanmail.net,em8uQ5nHYr,윤수빈,010-4213-6241,인천광역시 서구 청라대로 606,14층 890호,22743,37.5386,126.6626
nbyrwdx9@hanmail.net,vC0jfI2oiN,박채은,010-4216-4927,인천광역시 서구 청라대로 808,22층 263호,22743,37.5386,126.6626
pyfgayyg@hanmail.net,JIjXmk5oEX,권지훈,010-6315-6255,인천광역시 서구 청라대로 123,27층 267호,22743,37.5386,126.6626
4pvf35ws@hanmail.net,CmkD7rGyjl,강서준,010-4943-1599,인천광역시 서구 청라대로 456,24층 402호,22743,37.5386,126.6626
fac37ye2@naver.com,PBHwKWkN6K,최수호,010-3336-2611,인천광역시 서구 청라대로 666,16층 108호,22743,37.5386,126.6626
npi8wmdw@naver.com,t8XiqNEcc8,임서현,010-4537-1063,인천광역시 서구 청라대로 222,12층 921호,22743,37.5386,126.6626
tnv52q59@daum.net,3eVpOUL526,신선우,010-7472-4172,인천광역시 서구 청라대로 555,20층 939호,22743,37.5386,126.6626
nbc8c8kc@hanmail.net,1jqppzIiMv,최예린,010-2396-5711,인천광역시 서구 청라대로 303,7층 172호,22743,37.5386,126.6626
f860slhl@gmail.com,rdqSYduAoL,임지호,010-7698-5389,인천광역시 서구 청라대로 123,16층 906호,22743,37.5386,126.6626
decyrfpj@hanmail.net,YFo88tRrhN,한민준,010-7069-2040,인천광역시 서구 청라대로 666,29층 921호,22743,37.5386,126.6626
8pc28o17@gmail.com,1QWN0TQNXZ,강은서,010-3410-5574,인천광역시 서구 청라대로 111,4층 737호,22743,37.5386,126.6626
q4rd0cac@daum.net,EOWinguIl2,황예준,010-0891-6229,인천광역시 서구 청라대로 123,4층 282호,22743,37.5386,126.6626
1kpr22ay@daum.net,4VLUXwTLZd,신민서,010-2808-8792,인천광역시 서구 청라대로 404,12층 798호,22743,37.5386,126.6626
ow3zsg8m@hotmail.com,rnSi59do8f,한승우,010-6838-9180,인천광역시 서구 청라대로 909,30층 787호,22743,37.5386,126.6626
ww7nyr05@hotmail.com,K7oaaC3kt2,황지안,010-1308-7292,인천광역시 서구 청라대로 909,3층 756호,22743,37.5386,126.6626
m4m0kmax@naver.com,AxwkZlVEr1,강정우,010-0685-1145,인천광역시 서구 청라대로 111,28층 148호,22743,37.5386,126.6626
v797bses@hotmail.com,rJUbhHZQMW,이서윤,010-2575-9400,인천광역시 서구 청라대로 789,15층 562호,22743,37.5386,126.6626
nhpt9x70@daum.net,ut1DoXPCGR,윤성훈,010-3683-5274,인천광역시 서구 청라대로 111,8층 993호,22743,37.5386,126.6626
cdkb2ui8@hanmail.net,0ephhIxvT6,전지아,010-9567-4964,인천광역시 서구 청라대로 404,18층 964호,22743,37.5386,126.6626
srr98580@daum.net,wSgzx9mriC,신준서,010-8396-8488,인천광역시 서구 청라대로 222,14층 571호,22743,37.5386,126.6626
yfl89o92@gmail.com,w6S8buTqoz,권채은,010-4046-3428,인천광역시 서구 청라대로 666,4층 718호,22743,37.5386,126.6626
bqdu4x72@naver.com,hkkuYscFTN,임지훈,010-5571-5624,인천광역시 서구 청라대로 777,26층 401호,22743,37.5386,126.6626
vw5iqo0y@gmail.com,SWNlGZ7AOc,조수빈,010-8576-9854,인천광역시 서구 청라대로 789,4층 593호,22743,37.5386,126.6626
dpp3c14c@hotmail.com,awT8UXbAlu,서수호,010-3856-8659,인천광역시 서구 청라대로 111,14층 479호,22743,37.5386,126.6626
t9dwmyro@hotmail.com,8jqSdoFyWR,한윤서,010-5138-6247,인천광역시 서구 청라대로 123,20층 426호,22743,37.5386,126.6626
rs7olv55@gmail.com,OoCRooTJHx,황하준,010-4373-6114,인천광역시 서구 청라대로 909,14층 671호,22743,37.5386,126.6626
4y9si9ww@daum.net,b8adDKIRR2,윤하윤,010-4815-1372,인천광역시 서구 청라대로 303,15층 418호,22743,37.5386,126.6626
oxhawd9x@gmail.com,kXkhsF7b6v,오예준,010-0317-7845,인천광역시 서구 청라대로 505,9층 772호,22743,37.5386,126.6626
dv459u8o@hanmail.net,k4Ycuoxltx,송예은,010-0155-1194,인천광역시 서구 청라대로 111,28층 985호,22743,37.5386,126.6626
zta7rw0t@gmail.com,qL1MtkGJ6a,박시우,010-4201-6442,인천광역시 서구 청라대로 707,18층 174호,22743,37.5386,126.6626
qh4yc3i3@gmail.com,xwqfVYKzK5,조유준,010-2506-4098,인천광역시 서구 청라대로 456,19층 201호,22743,37.5386,126.6626
kw48xpol@daum.net,DpTtK73scH,신지민,010-8298-2527,인천광역시 서구 청라대로 606,24층 818호,22743,37.5386,126.6626
l53fqgd7@daum.net,MIJuVrb4Pa,조도윤,010-8126-3825,인천광역시 서구 청라대로 101,14층 518호,22743,37.5386,126.6626
0ntwcobu@naver.com,ZK9Tw2mZYz,김지민,010-7068-6279,인천광역시 서구 청라대로 606,15층 221호,22743,37.5386,126.6626
ztn6r4o6@gmail.com,6m0IuGiS1w,조예준,010-2117-6453,인천광역시 서구 청라대로 303,27층 832호,22743,37.5386,126.6626
3p5gmcum@naver.com,IjJvBGhAfN,홍정우,010-0100-4577,인천광역시 서구 청라대로 909,19층 591호,22743,37.5386,126.6626
7qqv266u@hanmail.net,uSDRCavh78,황도윤,010-9552-7194,인천광역시 서구 청라대로 909,15층 929호,22743,37.5386,126.6626
u8kke888@daum.net,A5lJUJVaYa,황정우,010-8637-1180,인천광역시 서구 청라대로 707,18층 550호,22743,37.5386,126.6626
1uyxfmk7@hotmail.com,9tyFFthCYB,권준서,010-0427-6698,인천광역시 서구 청라대로 999,18층 489호,22743,37.5386,126.6626
0jdiu2lc@gmail.com,owXmBzHuyc,오지훈,010-4700-5481,인천광역시 서구 청라대로 666,29층 266호,22743,37.5386,126.6626
psafifzp@naver.com,zSg1KQO3Z7,김하은,010-4345-8718,인천광역시 서구 청라대로 222,10층 236호,22743,37.5386,126.6626
3i4nn9ju@hanmail.net,ce0lVd9W7y,황수호,010-6587-3314,인천광역시 서구 청라대로 303,11층 379호,22743,37.5386,126.6626
jbtwnwgd@gmail.com,biBIZL9OL7,강소율,010-4910-4440,인천광역시 서구 청라대로 909,18층 587호,22743,37.5386,126.6626
ajwyx1p2@daum.net,u2qSvzOcyK,한서연,010-6949-3120,인천광역시 서구 청라대로 606,29층 871호,22743,37.5386,126.6626
1tn585w2@naver.com,bTw8BXyS7q,강지우,010-7675-5737,인천광역시 서구 청라대로 808,27층 577호,22743,37.5386,126.6626
zizdevra@daum.net,ARuxFkYnXs,신정우,010-1557-8421,인천광역시 서구 청라대로 111,20층 601호,22743,37.5386,126.6626
9o9d9z4k@naver.com,sbB5bwOF6L,권도윤,010-9921-6016,인천광역시 서구 청라대로 202,29층 225호,22743,37.5386,126.6626
x4kw2ar1@gmail.com,C2pIEylYdn,권준우,010-7238-3278,인천광역시 서구 청라대로 707,8층 131호,22743,37.5386,126.6626
os092k50@naver.com,73TNbwT1gU,홍하은,010-0396-4067,인천광역시 서구 청라대로 666,22층 242호,22743,37.5386,126.6626
jaib0e39@gmail.com,ruFN7eufZ3,서도윤,010-8528-2838,인천광역시 서구 청라대로 808,30층 157호,22743,37.5386,126.6626
oxl3lbkj@hanmail.net,2pGovbCWJJ,최수아,010-8163-7690,인천광역시 서구 청라대로 707,18층 881호,22743,37.5386,126.6626
ihsonu06@daum.net,kzIvvhoYNy,신재원,010-2200-5084,인천광역시 서구 청라대로 202,7층 452호,22743,37.5386,126.6626
612zlhme@daum.net,CqFbP4lx2C,한민재,010-9677-5430,인천광역시 서구 청라대로 123,27층 955호,22743,37.5386,126.6626
wl97sht0@hanmail.net,4fuLdq0KHr,한수아,010-5112-5692,인천광역시 서구 청라대로 888,19층 339호,22743,37.5386,126.6626
swxt7kcy@gmail.com,IZqPu2gHb8,박채원,010-6964-9084,인천광역시 서구 청라대로 888,2층 827호,22743,37.5386,126.6626
o3pu94sk@naver.com,cKTZTDx6tQ,전예준,010-7487-9789,인천광역시 서구 청라대로 404,19층 252호,22743,37.5386,126.6626
46pp20vz@hotmail.com,vEvUqIe4tx,윤민준,010-1669-3402,인천광역시 서구 청라대로 808,1층 175호,22743,37.5386,126.6626
ztcckvom@hanmail.net,4iEuo1eHUl,이현우,010-8933-2483,인천광역시 서구 청라대로 222,30층 913호,22743,37.5386,126.6626
dkzm0pz7@gmail.com,SaKpGzY9w6,권수빈,010-2468-2468,인천광역시 서구 청라대로 333,8층 374호,22743,37.5386,126.6626
hmqd4fa9@hotmail.com,QncS4nd0U3,김성훈,010-9416-9098,인천광역시 서구 청라대로 303,19층 876호,22743,37.5386,126.6626
kg9ldefn@hotmail.com,CrRW6rISMN,송성훈,010-1174-6580,인천광역시 서구 청라대로 789,21층 789호,22743,37.5386,126.6626
txnuqki1@hanmail.net,0CPV1TfBJT,황시원,010-4301-2975,인천광역시 서구 청라대로 101,10층 896호,22743,37.5386,126.6626
ly0l725v@daum.net,aIJCtRq1yW,박지안,010-9196-4481,인천광역시 서구 청라대로 707,9층 732호,22743,37.5386,126.6626
4aq0izxv@hotmail.com,5B2Lboh7vM,정채은,010-9450-9289,인천광역시 서구 청라대로 666,21층 500호,22743,37.5386,126.6626
zpg3zawy@naver.com,hnvnTty241,정은서,010-5733-7210,인천광역시 서구 청라대로 123,18층 348호,22743,37.5386,126.6626
3w342001@naver.com,tCSzHX6n5S,황도현,010-3428-8530,인천광역시 서구 청라대로 444,18층 812호,22743,37.5386,126.6626
1fkdslln@daum.net,6ryrQAm2Rd,강도윤,010-9065-6933,인천광역시 서구 청라대로 606,7층 551호,22743,37.5386,126.6626
jvc1hr78@hotmail.com,5cWnAIdnOa,송하은,010-4658-3258,인천광역시 서구 청라대로 333,24층 511호,22743,37.5386,126.6626
cv4nppzu@gmail.com,Y3qyurgZSQ,임지아,010-8745-8063,인천광역시 서구 청라대로 101,24층 235호,22743,37.5386,126.6626
yd20ofmm@hotmail.com,gPcfRuBBBs,황서현,010-8887-6013,인천광역시 서구 청라대로 303,12층 336호,22743,37.5386,126.6626
3qh1h35x@daum.net,CxaRuMkwBi,윤예준,010-1639-1038,인천광역시 서구 청라대로 111,7층 918호,22743,37.5386,126.6626
ce5zcemw@daum.net,1bQgAsaD22,전민준,010-2801-4587,인천광역시 서구 청라대로 303,5층 561호,22743,37.5386,126.6626
mdz09ple@gmail.com,G3SriQBwIc,김지안,010-5357-3751,인천광역시 서구 청라대로 777,9층 104호,22743,37.5386,126.6626
a8odh0ys@gmail.com,HU0cpjbI5Z,한준혁,010-0167-9771,인천광역시 서구 청라대로 505,21층 341호,22743,37.5386,126.6626
